source,target,value
1DYLyX3fDacqSC3Cykv1BzoFf3QEoTn61S,bc1qfqhufj70nqkfc9sd8d2z3w6gnsrfwcs0k7h2zt,60000000
1DYLyX3fDacqSC3Cykv1BzoFf3QEoTn61S,bc1q6z4e4f0jw7kq5rvr0txsttxqnnagwh2tq5fgg0,60000000
1DYLyX3fDacqSC3Cykv1BzoFf3QEoTn61S,1AQLXAB6aXSVbRMjbhSBudLf1kcsbWSEjg,60000000
bc1pzjzpyf4tezdzwqwteet6atc598fkerz6lqrx0985hyjcw4ku32hqrt26vr,bc1pzjzpyf4tezdzwqwteet6atc598fkerz6lqrx0985hyjcw4ku32hqrt26vr,5235
bc1pzjzpyf4tezdzwqwteet6atc598fkerz6lqrx0985hyjcw4ku32hqrt26vr,,5235
bc1pq92mz32nkcxx3y9mg6p00le4g4xm7f2eeze0t8cavkcrsdshpuwswqcqlp,bc1pq92mz32nkcxx3y9mg6p00le4g4xm7f2eeze0t8cavkcrsdshpuwswqcqlp,600
bc1pq92mz32nkcxx3y9mg6p00le4g4xm7f2eeze0t8cavkcrsdshpuwswqcqlp,bc1pq92mz32nkcxx3y9mg6p00le4g4xm7f2eeze0t8cavkcrsdshpuwswqcqlp,600
bc1pq92mz32nkcxx3y9mg6p00le4g4xm7f2eeze0t8cavkcrsdshpuwswqcqlp,bc1pnh6k5y87nkqgrccp38mh889y2f926537n2ylwxqenqvh4acamp2scnrhcm,600
bc1pq92mz32nkcxx3y9mg6p00le4g4xm7f2eeze0t8cavkcrsdshpuwswqcqlp,bc1pq92mz32nkcxx3y9mg6p00le4g4xm7f2eeze0t8cavkcrsdshpuwswqcqlp,600
bc1pq92mz32nkcxx3y9mg6p00le4g4xm7f2eeze0t8cavkcrsdshpuwswqcqlp,bc1pq92mz32nkcxx3y9mg6p00le4g4xm7f2eeze0t8cavkcrsdshpuwswqcqlp,600
bc1pq92mz32nkcxx3y9mg6p00le4g4xm7f2eeze0t8cavkcrsdshpuwswqcqlp,bc1pq92mz32nkcxx3y9mg6p00le4g4xm7f2eeze0t8cavkcrsdshpuwswqcqlp,600
bc1pq92mz32nkcxx3y9mg6p00le4g4xm7f2eeze0t8cavkcrsdshpuwswqcqlp,bc1pq92mz32nkcxx3y9mg6p00le4g4xm7f2eeze0t8cavkcrsdshpuwswqcqlp,600
bc1pq92mz32nkcxx3y9mg6p00le4g4xm7f2eeze0t8cavkcrsdshpuwswqcqlp,bc1pq92mz32nkcxx3y9mg6p00le4g4xm7f2eeze0t8cavkcrsdshpuwswqcqlp,600
bc1pq92mz32nkcxx3y9mg6p00le4g4xm7f2eeze0t8cavkcrsdshpuwswqcqlp,bc1pnh6k5y87nkqgrccp38mh889y2f926537n2ylwxqenqvh4acamp2scnrhcm,600
bc1pq92mz32nkcxx3y9mg6p00le4g4xm7f2eeze0t8cavkcrsdshpuwswqcqlp,bc1pq92mz32nkcxx3y9mg6p00le4g4xm7f2eeze0t8cavkcrsdshpuwswqcqlp,600
bc1pq92mz32nkcxx3y9mg6p00le4g4xm7f2eeze0t8cavkcrsdshpuwswqcqlp,bc1pq92mz32nkcxx3y9mg6p00le4g4xm7f2eeze0t8cavkcrsdshpuwswqcqlp,600
bc1pq92mz32nkcxx3y9mg6p00le4g4xm7f2eeze0t8cavkcrsdshpuwswqcqlp,bc1pq92mz32nkcxx3y9mg6p00le4g4xm7f2eeze0t8cavkcrsdshpuwswqcqlp,600
bc1pnh6k5y87nkqgrccp38mh889y2f926537n2ylwxqenqvh4acamp2scnrhcm,bc1pq92mz32nkcxx3y9mg6p00le4g4xm7f2eeze0t8cavkcrsdshpuwswqcqlp,546
bc1pnh6k5y87nkqgrccp38mh889y2f926537n2ylwxqenqvh4acamp2scnrhcm,bc1pq92mz32nkcxx3y9mg6p00le4g4xm7f2eeze0t8cavkcrsdshpuwswqcqlp,546
bc1pnh6k5y87nkqgrccp38mh889y2f926537n2ylwxqenqvh4acamp2scnrhcm,bc1pnh6k5y87nkqgrccp38mh889y2f926537n2ylwxqenqvh4acamp2scnrhcm,546
bc1pnh6k5y87nkqgrccp38mh889y2f926537n2ylwxqenqvh4acamp2scnrhcm,bc1pq92mz32nkcxx3y9mg6p00le4g4xm7f2eeze0t8cavkcrsdshpuwswqcqlp,546
bc1pnh6k5y87nkqgrccp38mh889y2f926537n2ylwxqenqvh4acamp2scnrhcm,bc1pq92mz32nkcxx3y9mg6p00le4g4xm7f2eeze0t8cavkcrsdshpuwswqcqlp,546
bc1pnh6k5y87nkqgrccp38mh889y2f926537n2ylwxqenqvh4acamp2scnrhcm,bc1pq92mz32nkcxx3y9mg6p00le4g4xm7f2eeze0t8cavkcrsdshpuwswqcqlp,546
bc1pq92mz32nkcxx3y9mg6p00le4g4xm7f2eeze0t8cavkcrsdshpuwswqcqlp,bc1pq92mz32nkcxx3y9mg6p00le4g4xm7f2eeze0t8cavkcrsdshpuwswqcqlp,693818
bc1pq92mz32nkcxx3y9mg6p00le4g4xm7f2eeze0t8cavkcrsdshpuwswqcqlp,bc1pq92mz32nkcxx3y9mg6p00le4g4xm7f2eeze0t8cavkcrsdshpuwswqcqlp,693818
bc1pq92mz32nkcxx3y9mg6p00le4g4xm7f2eeze0t8cavkcrsdshpuwswqcqlp,bc1pnh6k5y87nkqgrccp38mh889y2f926537n2ylwxqenqvh4acamp2scnrhcm,693818
bc1pq92mz32nkcxx3y9mg6p00le4g4xm7f2eeze0t8cavkcrsdshpuwswqcqlp,bc1pq92mz32nkcxx3y9mg6p00le4g4xm7f2eeze0t8cavkcrsdshpuwswqcqlp,693818
bc1pq92mz32nkcxx3y9mg6p00le4g4xm7f2eeze0t8cavkcrsdshpuwswqcqlp,bc1pq92mz32nkcxx3y9mg6p00le4g4xm7f2eeze0t8cavkcrsdshpuwswqcqlp,693818
bc1pq92mz32nkcxx3y9mg6p00le4g4xm7f2eeze0t8cavkcrsdshpuwswqcqlp,bc1pq92mz32nkcxx3y9mg6p00le4g4xm7f2eeze0t8cavkcrsdshpuwswqcqlp,693818
bc1pzjzpyf4tezdzwqwteet6atc598fkerz6lqrx0985hyjcw4ku32hqrt26vr,bc1pzjzpyf4tezdzwqwteet6atc598fkerz6lqrx0985hyjcw4ku32hqrt26vr,4714
bc1pzjzpyf4tezdzwqwteet6atc598fkerz6lqrx0985hyjcw4ku32hqrt26vr,,4714
bc1pzjzpyf4tezdzwqwteet6atc598fkerz6lqrx0985hyjcw4ku32hqrt26vr,bc1pzjzpyf4tezdzwqwteet6atc598fkerz6lqrx0985hyjcw4ku32hqrt26vr,4193
bc1pzjzpyf4tezdzwqwteet6atc598fkerz6lqrx0985hyjcw4ku32hqrt26vr,,4193
bc1q42ccp5e6lmzvuwu67ujq7xqa4mgdz27ar95f44,bc1q99jss8q0ucd4d9p57jamfrnaz7uwpzdc5hahpw,243112
bc1q42ccp5e6lmzvuwu67ujq7xqa4mgdz27ar95f44,bc1q99jss8q0ucd4d9p57jamfrnaz7uwpzdc5hahpw,292996
bc1qt6wv6tw8qldemk394mpfsfauzw7dgq8658haa7,3FgdL9kYJmNGcUbG8UFEFFogy1zxFLRoAE,88681081
bc1qt6wv6tw8qldemk394mpfsfauzw7dgq8658haa7,bc1qt6wv6tw8qldemk394mpfsfauzw7dgq8658haa7,88681081
bc1qt6wv6tw8qldemk394mpfsfauzw7dgq8658haa7,bc1qt6wv6tw8qldemk394mpfsfauzw7dgq8658haa7,88681081
bc1ql4hjt3newq69a9ty9ymzpjwuex4msuk9jd6z7d8570zkh995v6cs576m62,bc1ql4hjt3newq69a9ty9ymzpjwuex4msuk9jd6z7d8570zkh995v6cs576m62,145745492
bc1ql4hjt3newq69a9ty9ymzpjwuex4msuk9jd6z7d8570zkh995v6cs576m62,16dEgP4yNnfnbY984816pLmH3Y5Ar5FMoJ,145745492
bc1ql4hjt3newq69a9ty9ymzpjwuex4msuk9jd6z7d8570zkh995v6cs576m62,3NeHfZstietoXhxYRYoJHorgaYsEJMirDn,145745492
bc1ql4hjt3newq69a9ty9ymzpjwuex4msuk9jd6z7d8570zkh995v6cs576m62,3H32PTWb4uZJ8TyLLNCiJyrZdMuevMHgjp,145745492
bc1qxup930drpdurjkjzgtnvwmswnta8aydl5kguag,3276shRiKtM8zW8PDvtbb4DowbHaWEuMYZ,3273404582
bc1qxup930drpdurjkjzgtnvwmswnta8aydl5kguag,bc1qxup930drpdurjkjzgtnvwmswnta8aydl5kguag,3273404582
bc1qf8dgvlcaksepqg4a0pyvtl0x6dxrsyvg8vrw8z,bc1qcceknmtj78fvwpaq82juadcjztt9f9m33jcvha,519136
bc1qf8dgvlcaksepqg4a0pyvtl0x6dxrsyvg8vrw8z,bc1qejesdqap2e5z5wu6taa3rmnz3elz7xqs6m4h4f,519136
bc1perydguplwa4ckhwknyss6alydwytxr3w3pzygxlq9t9gkln7q9cqy0hvwe,bc1p983vdj2xpgefupfpc2k2sp9lrlhr9wdduysy6h75dttk4hhmvpgqr7qyr2,25965
bc1perydguplwa4ckhwknyss6alydwytxr3w3pzygxlq9t9gkln7q9cqy0hvwe,bc1perydguplwa4ckhwknyss6alydwytxr3w3pzygxlq9t9gkln7q9cqy0hvwe,25965
bc1qe3rulann37pkt6ty9jyr9u58dswaers3h239cc,bc1q78ngxeqnp36acmdcd7me8gjpxjeypf7xp0v6vd,50152
bc1pzjzpyf4tezdzwqwteet6atc598fkerz6lqrx0985hyjcw4ku32hqrt26vr,bc1pzjzpyf4tezdzwqwteet6atc598fkerz6lqrx0985hyjcw4ku32hqrt26vr,3672
bc1pzjzpyf4tezdzwqwteet6atc598fkerz6lqrx0985hyjcw4ku32hqrt26vr,,3672
bc1qn33zm5w0gxtygvlknlyrd6hlgm65pq736n0ja7,124CBwdqqmPwJDcHmByikebNNw4yF7XLby,90002
bc1qn33zm5w0gxtygvlknlyrd6hlgm65pq736n0ja7,124CBwdqqmPwJDcHmByikebNNw4yF7XLby,3193883
bc1qn33zm5w0gxtygvlknlyrd6hlgm65pq736n0ja7,124CBwdqqmPwJDcHmByikebNNw4yF7XLby,7713
bc1pu9mtfkwfzk874a8rs2yev9h5adg7vtw99yxpny5lanvyr6e2z44s5h7kwp,bc1p32q9m59mjvecgr8ndgrugtdmd54h0xjkurj6cg0sl9ff32u2ksysw3damh,1770
bc1q6cc55xmtt6dery0whxsey9vqkgrmjvypwmrufx,bc1qzc97md9qj02w68cmnsv53aa0p7ys6f4ar5e8q6,15102000
bc1q6cc55xmtt6dery0whxsey9vqkgrmjvypwmrufx,bc1qjs6ejyrlz6q576uy2uhlhhp83vrvqqcqmktd5j,15102000
bc1qgwqrdfhnyrsjxu62r9n0h6sppy4h8wvx5fgsfk,bc1qzc97md9qj02w68cmnsv53aa0p7ys6f4ar5e8q6,9619780
bc1qgwqrdfhnyrsjxu62r9n0h6sppy4h8wvx5fgsfk,bc1qjs6ejyrlz6q576uy2uhlhhp83vrvqqcqmktd5j,9619780
bc1qpgn6tszd4hp9t0ekrzsks775mxm9gkql4flr0m,3KDtoshYaubJnaC2CwRP4qsZTqpvXF6sgF,11289
bc1q00h75gpk4ujj566ne0cpu8x5f3z5jwsftwkqzl,bc1qsaxu3ch3rp2mew5z83sasq5qlnhd07uqtehenv,31029
bc1q00h75gpk4ujj566ne0cpu8x5f3z5jwsftwkqzl,bc1qt30dm5zthvysc72e8932ch5y7pvv23rf8xdszr,31029
bc1qhnlrefswj8e6jev85panyxzep89mxqprhzhs8z,bc1qrp43r629mg74zjlndstcrel6738w9a03zcx2zq,678927
bc1qhnlrefswj8e6jev85panyxzep89mxqprhzhs8z,bc1qreu77e3xrsv70va6wskg8h8r4uxxxuhymlt4ss,678927
bc1p32q9m59mjvecgr8ndgrugtdmd54h0xjkurj6cg0sl9ff32u2ksysw3damh,bc1pu9mtfkwfzk874a8rs2yev9h5adg7vtw99yxpny5lanvyr6e2z44s5h7kwp,69079
bc1p32q9m59mjvecgr8ndgrugtdmd54h0xjkurj6cg0sl9ff32u2ksysw3damh,bc1p32q9m59mjvecgr8ndgrugtdmd54h0xjkurj6cg0sl9ff32u2ksysw3damh,69079
bc1qrtt4w9wrjksyyf6c30lmzqg2a6u3tjuda24q3m,3HgvLGq6Stam4XBYJkJiJKYauXJmMNvatd,96455
bc1qrtt4w9wrjksyyf6c30lmzqg2a6u3tjuda24q3m,bc1q45r9mf7q99hv8zqg3q0e8lg46t4ch6qfs02h3s,96455
bc1q2777pp6hlkaz7k6hdj3rtxcy848ha2tu8fhrg6,3HgvLGq6Stam4XBYJkJiJKYauXJmMNvatd,1007682
bc1q2777pp6hlkaz7k6hdj3rtxcy848ha2tu8fhrg6,bc1q45r9mf7q99hv8zqg3q0e8lg46t4ch6qfs02h3s,1007682
bc1p983vdj2xpgefupfpc2k2sp9lrlhr9wdduysy6h75dttk4hhmvpgqr7qyr2,bc1perydguplwa4ckhwknyss6alydwytxr3w3pzygxlq9t9gkln7q9cqy0hvwe,1114
1HyjowRmXga2LTcFMNhq8FEmGSUPSR4Cr4,,8399
1HyjowRmXga2LTcFMNhq8FEmGSUPSR4Cr4,1HyjowRmXga2LTcFMNhq8FEmGSUPSR4Cr4,8399
33j5fuJc14aff3Z6vHZBxaHEKMdNmKbRxQ,bc1qn04lvvwk9hjgtx0r3e70erjflkx3af50hn57sv,555668000
33j5fuJc14aff3Z6vHZBxaHEKMdNmKbRxQ,1PLX3cZCdRMF3bZLQn7rVna8NQDqrjsGYv,555668000
33j5fuJc14aff3Z6vHZBxaHEKMdNmKbRxQ,bc1q5g6xklvf78j87w9flslhh4l62dft96sc4vxgv7,555668000
33j5fuJc14aff3Z6vHZBxaHEKMdNmKbRxQ,3PdtYbZpBePr83APMZnJ9Kjs7xzMv9tqRj,555668000
33j5fuJc14aff3Z6vHZBxaHEKMdNmKbRxQ,bc1p52yrhxcsra5z4mwznvcwam92vdprhmytsstt5egps6pnv3npz04szmtxvd,555668000
33j5fuJc14aff3Z6vHZBxaHEKMdNmKbRxQ,bc1p55td2hmcqej8zgtkpms2ht7uwdmlskcff7c9mghdd6wwegex9ees7y5j2c,555668000
33j5fuJc14aff3Z6vHZBxaHEKMdNmKbRxQ,15cFKpCQLqQh4X6QDnELDfumFgDhspS226,555668000
33j5fuJc14aff3Z6vHZBxaHEKMdNmKbRxQ,bc1pxdpvd7q5a39dslrq9z7xw5urhrdapgnn6yad6ychzr48pmf3rtqqrdyqxz,555668000
33j5fuJc14aff3Z6vHZBxaHEKMdNmKbRxQ,bc1q82xhwg0lnv9f6ep8j9n8ylxe4qzmtsm6lmgrzh,555668000
33j5fuJc14aff3Z6vHZBxaHEKMdNmKbRxQ,bc1qn3780cqkm3fpg76rxjw0ufvd45mujyw2v6xrl7,555668000
33j5fuJc14aff3Z6vHZBxaHEKMdNmKbRxQ,bc1p43gyc6vzknvl069kz4mqadj9fnlru08vexmll5el4vgh6e265pjs49u77f,555668000
33j5fuJc14aff3Z6vHZBxaHEKMdNmKbRxQ,bc1pjw5f6mz8d3vq78wmrk3cle3evvdxsymtwj5t7lpzxpsw4mwxylsqntecwu,555668000
33j5fuJc14aff3Z6vHZBxaHEKMdNmKbRxQ,bc1puneyrvaz2864qfztr259j4wguyrdzr6g3d4zxl4rrz3eka3sjg5qrh8cuu,555668000
33j5fuJc14aff3Z6vHZBxaHEKMdNmKbRxQ,bc1pxj4j9rgpfgjmgther4hmjpkq82kfv06gs2n35hf6pr7hn2s0c5squsr7cg,555668000
33j5fuJc14aff3Z6vHZBxaHEKMdNmKbRxQ,bc1p5xqtqhesdauxgtafnqw7eqrvdyxkecqpkmxqg3p62u5m5fq2k8rs5h6y3a,555668000
33j5fuJc14aff3Z6vHZBxaHEKMdNmKbRxQ,bc1qgmhsdrt8l3rzf7h7um296k33ccfcj6l3q5tml3,555668000
33j5fuJc14aff3Z6vHZBxaHEKMdNmKbRxQ,bc1pjct0jwz65x2wl3mnx2c7mllddg4yvvtayw72j5gperj8gfte4w7sr79pkv,555668000
33j5fuJc14aff3Z6vHZBxaHEKMdNmKbRxQ,3FLbvyw4a9PhokQqzMCmYqKBVVE3MkDJ8t,555668000
33j5fuJc14aff3Z6vHZBxaHEKMdNmKbRxQ,bc1qj0mmer00maq3l57ehchd5dm9daa2hgvck8xgs8,555668000
33j5fuJc14aff3Z6vHZBxaHEKMdNmKbRxQ,bc1p2zd6hlhzrdlvpensse76gv9cfylm6xtkz92k944uuqdhcee3n9uq44faz8,555668000
33j5fuJc14aff3Z6vHZBxaHEKMdNmKbRxQ,bc1p53a5y9ypgj27qv6uwvyl2f90j2dwl3uhcf69jxkdwcfnyd68tdkqhthkkm,555668000
33j5fuJc14aff3Z6vHZBxaHEKMdNmKbRxQ,1C2soM3aSCWo8ghLtpV6XNMcWAUJ8ExQMp,555668000
33j5fuJc14aff3Z6vHZBxaHEKMdNmKbRxQ,bc1quhruqrghgcca950rvhtrg7cpd7u8k6svpzgzmrjy8xyukacl5lkq0r8l2d,555668000
3Qj6EYBML5eC4g6UYKpE83xwWiDiPNfifW,bc1qn04lvvwk9hjgtx0r3e70erjflkx3af50hn57sv,716042
3Qj6EYBML5eC4g6UYKpE83xwWiDiPNfifW,1PLX3cZCdRMF3bZLQn7rVna8NQDqrjsGYv,716042
3Qj6EYBML5eC4g6UYKpE83xwWiDiPNfifW,bc1q5g6xklvf78j87w9flslhh4l62dft96sc4vxgv7,716042
3Qj6EYBML5eC4g6UYKpE83xwWiDiPNfifW,3PdtYbZpBePr83APMZnJ9Kjs7xzMv9tqRj,716042
3Qj6EYBML5eC4g6UYKpE83xwWiDiPNfifW,bc1p52yrhxcsra5z4mwznvcwam92vdprhmytsstt5egps6pnv3npz04szmtxvd,716042
3Qj6EYBML5eC4g6UYKpE83xwWiDiPNfifW,bc1p55td2hmcqej8zgtkpms2ht7uwdmlskcff7c9mghdd6wwegex9ees7y5j2c,716042
3Qj6EYBML5eC4g6UYKpE83xwWiDiPNfifW,15cFKpCQLqQh4X6QDnELDfumFgDhspS226,716042
3Qj6EYBML5eC4g6UYKpE83xwWiDiPNfifW,bc1pxdpvd7q5a39dslrq9z7xw5urhrdapgnn6yad6ychzr48pmf3rtqqrdyqxz,716042
3Qj6EYBML5eC4g6UYKpE83xwWiDiPNfifW,bc1q82xhwg0lnv9f6ep8j9n8ylxe4qzmtsm6lmgrzh,716042
3Qj6EYBML5eC4g6UYKpE83xwWiDiPNfifW,bc1qn3780cqkm3fpg76rxjw0ufvd45mujyw2v6xrl7,716042
3Qj6EYBML5eC4g6UYKpE83xwWiDiPNfifW,bc1p43gyc6vzknvl069kz4mqadj9fnlru08vexmll5el4vgh6e265pjs49u77f,716042
3Qj6EYBML5eC4g6UYKpE83xwWiDiPNfifW,bc1pjw5f6mz8d3vq78wmrk3cle3evvdxsymtwj5t7lpzxpsw4mwxylsqntecwu,716042
3Qj6EYBML5eC4g6UYKpE83xwWiDiPNfifW,bc1puneyrvaz2864qfztr259j4wguyrdzr6g3d4zxl4rrz3eka3sjg5qrh8cuu,716042
3Qj6EYBML5eC4g6UYKpE83xwWiDiPNfifW,bc1pxj4j9rgpfgjmgther4hmjpkq82kfv06gs2n35hf6pr7hn2s0c5squsr7cg,716042
3Qj6EYBML5eC4g6UYKpE83xwWiDiPNfifW,bc1p5xqtqhesdauxgtafnqw7eqrvdyxkecqpkmxqg3p62u5m5fq2k8rs5h6y3a,716042
3Qj6EYBML5eC4g6UYKpE83xwWiDiPNfifW,bc1qgmhsdrt8l3rzf7h7um296k33ccfcj6l3q5tml3,716042
3Qj6EYBML5eC4g6UYKpE83xwWiDiPNfifW,bc1pjct0jwz65x2wl3mnx2c7mllddg4yvvtayw72j5gperj8gfte4w7sr79pkv,716042
3Qj6EYBML5eC4g6UYKpE83xwWiDiPNfifW,3FLbvyw4a9PhokQqzMCmYqKBVVE3MkDJ8t,716042
3Qj6EYBML5eC4g6UYKpE83xwWiDiPNfifW,bc1qj0mmer00maq3l57ehchd5dm9daa2hgvck8xgs8,716042
3Qj6EYBML5eC4g6UYKpE83xwWiDiPNfifW,bc1p2zd6hlhzrdlvpensse76gv9cfylm6xtkz92k944uuqdhcee3n9uq44faz8,716042
3Qj6EYBML5eC4g6UYKpE83xwWiDiPNfifW,bc1p53a5y9ypgj27qv6uwvyl2f90j2dwl3uhcf69jxkdwcfnyd68tdkqhthkkm,716042
3Qj6EYBML5eC4g6UYKpE83xwWiDiPNfifW,1C2soM3aSCWo8ghLtpV6XNMcWAUJ8ExQMp,716042
3Qj6EYBML5eC4g6UYKpE83xwWiDiPNfifW,bc1quhruqrghgcca950rvhtrg7cpd7u8k6svpzgzmrjy8xyukacl5lkq0r8l2d,716042
3JRR3gPXbGhaWNDVgzr64bq5GcBgvyCbdi,bc1qn04lvvwk9hjgtx0r3e70erjflkx3af50hn57sv,716044
3JRR3gPXbGhaWNDVgzr64bq5GcBgvyCbdi,1PLX3cZCdRMF3bZLQn7rVna8NQDqrjsGYv,716044
3JRR3gPXbGhaWNDVgzr64bq5GcBgvyCbdi,bc1q5g6xklvf78j87w9flslhh4l62dft96sc4vxgv7,716044
3JRR3gPXbGhaWNDVgzr64bq5GcBgvyCbdi,3PdtYbZpBePr83APMZnJ9Kjs7xzMv9tqRj,716044
3JRR3gPXbGhaWNDVgzr64bq5GcBgvyCbdi,bc1p52yrhxcsra5z4mwznvcwam92vdprhmytsstt5egps6pnv3npz04szmtxvd,716044
3JRR3gPXbGhaWNDVgzr64bq5GcBgvyCbdi,bc1p55td2hmcqej8zgtkpms2ht7uwdmlskcff7c9mghdd6wwegex9ees7y5j2c,716044
3JRR3gPXbGhaWNDVgzr64bq5GcBgvyCbdi,15cFKpCQLqQh4X6QDnELDfumFgDhspS226,716044
3JRR3gPXbGhaWNDVgzr64bq5GcBgvyCbdi,bc1pxdpvd7q5a39dslrq9z7xw5urhrdapgnn6yad6ychzr48pmf3rtqqrdyqxz,716044
3JRR3gPXbGhaWNDVgzr64bq5GcBgvyCbdi,bc1q82xhwg0lnv9f6ep8j9n8ylxe4qzmtsm6lmgrzh,716044
3JRR3gPXbGhaWNDVgzr64bq5GcBgvyCbdi,bc1qn3780cqkm3fpg76rxjw0ufvd45mujyw2v6xrl7,716044
3JRR3gPXbGhaWNDVgzr64bq5GcBgvyCbdi,bc1p43gyc6vzknvl069kz4mqadj9fnlru08vexmll5el4vgh6e265pjs49u77f,716044
3JRR3gPXbGhaWNDVgzr64bq5GcBgvyCbdi,bc1pjw5f6mz8d3vq78wmrk3cle3evvdxsymtwj5t7lpzxpsw4mwxylsqntecwu,716044
3JRR3gPXbGhaWNDVgzr64bq5GcBgvyCbdi,bc1puneyrvaz2864qfztr259j4wguyrdzr6g3d4zxl4rrz3eka3sjg5qrh8cuu,716044
3JRR3gPXbGhaWNDVgzr64bq5GcBgvyCbdi,bc1pxj4j9rgpfgjmgther4hmjpkq82kfv06gs2n35hf6pr7hn2s0c5squsr7cg,716044
3JRR3gPXbGhaWNDVgzr64bq5GcBgvyCbdi,bc1p5xqtqhesdauxgtafnqw7eqrvdyxkecqpkmxqg3p62u5m5fq2k8rs5h6y3a,716044
3JRR3gPXbGhaWNDVgzr64bq5GcBgvyCbdi,bc1qgmhsdrt8l3rzf7h7um296k33ccfcj6l3q5tml3,716044
3JRR3gPXbGhaWNDVgzr64bq5GcBgvyCbdi,bc1pjct0jwz65x2wl3mnx2c7mllddg4yvvtayw72j5gperj8gfte4w7sr79pkv,716044
3JRR3gPXbGhaWNDVgzr64bq5GcBgvyCbdi,3FLbvyw4a9PhokQqzMCmYqKBVVE3MkDJ8t,716044
3JRR3gPXbGhaWNDVgzr64bq5GcBgvyCbdi,bc1qj0mmer00maq3l57ehchd5dm9daa2hgvck8xgs8,716044
3JRR3gPXbGhaWNDVgzr64bq5GcBgvyCbdi,bc1p2zd6hlhzrdlvpensse76gv9cfylm6xtkz92k944uuqdhcee3n9uq44faz8,716044
3JRR3gPXbGhaWNDVgzr64bq5GcBgvyCbdi,bc1p53a5y9ypgj27qv6uwvyl2f90j2dwl3uhcf69jxkdwcfnyd68tdkqhthkkm,716044
3JRR3gPXbGhaWNDVgzr64bq5GcBgvyCbdi,1C2soM3aSCWo8ghLtpV6XNMcWAUJ8ExQMp,716044
3JRR3gPXbGhaWNDVgzr64bq5GcBgvyCbdi,bc1quhruqrghgcca950rvhtrg7cpd7u8k6svpzgzmrjy8xyukacl5lkq0r8l2d,716044
33tmnMebAzVzZYihVK4F7XgHqzCtxUfBuW,bc1qn04lvvwk9hjgtx0r3e70erjflkx3af50hn57sv,716045
33tmnMebAzVzZYihVK4F7XgHqzCtxUfBuW,1PLX3cZCdRMF3bZLQn7rVna8NQDqrjsGYv,716045
33tmnMebAzVzZYihVK4F7XgHqzCtxUfBuW,bc1q5g6xklvf78j87w9flslhh4l62dft96sc4vxgv7,716045
33tmnMebAzVzZYihVK4F7XgHqzCtxUfBuW,3PdtYbZpBePr83APMZnJ9Kjs7xzMv9tqRj,716045
33tmnMebAzVzZYihVK4F7XgHqzCtxUfBuW,bc1p52yrhxcsra5z4mwznvcwam92vdprhmytsstt5egps6pnv3npz04szmtxvd,716045
33tmnMebAzVzZYihVK4F7XgHqzCtxUfBuW,bc1p55td2hmcqej8zgtkpms2ht7uwdmlskcff7c9mghdd6wwegex9ees7y5j2c,716045
33tmnMebAzVzZYihVK4F7XgHqzCtxUfBuW,15cFKpCQLqQh4X6QDnELDfumFgDhspS226,716045
33tmnMebAzVzZYihVK4F7XgHqzCtxUfBuW,bc1pxdpvd7q5a39dslrq9z7xw5urhrdapgnn6yad6ychzr48pmf3rtqqrdyqxz,716045
33tmnMebAzVzZYihVK4F7XgHqzCtxUfBuW,bc1q82xhwg0lnv9f6ep8j9n8ylxe4qzmtsm6lmgrzh,716045
33tmnMebAzVzZYihVK4F7XgHqzCtxUfBuW,bc1qn3780cqkm3fpg76rxjw0ufvd45mujyw2v6xrl7,716045
33tmnMebAzVzZYihVK4F7XgHqzCtxUfBuW,bc1p43gyc6vzknvl069kz4mqadj9fnlru08vexmll5el4vgh6e265pjs49u77f,716045
33tmnMebAzVzZYihVK4F7XgHqzCtxUfBuW,bc1pjw5f6mz8d3vq78wmrk3cle3evvdxsymtwj5t7lpzxpsw4mwxylsqntecwu,716045
33tmnMebAzVzZYihVK4F7XgHqzCtxUfBuW,bc1puneyrvaz2864qfztr259j4wguyrdzr6g3d4zxl4rrz3eka3sjg5qrh8cuu,716045
33tmnMebAzVzZYihVK4F7XgHqzCtxUfBuW,bc1pxj4j9rgpfgjmgther4hmjpkq82kfv06gs2n35hf6pr7hn2s0c5squsr7cg,716045
33tmnMebAzVzZYihVK4F7XgHqzCtxUfBuW,bc1p5xqtqhesdauxgtafnqw7eqrvdyxkecqpkmxqg3p62u5m5fq2k8rs5h6y3a,716045
33tmnMebAzVzZYihVK4F7XgHqzCtxUfBuW,bc1qgmhsdrt8l3rzf7h7um296k33ccfcj6l3q5tml3,716045
33tmnMebAzVzZYihVK4F7XgHqzCtxUfBuW,bc1pjct0jwz65x2wl3mnx2c7mllddg4yvvtayw72j5gperj8gfte4w7sr79pkv,716045
33tmnMebAzVzZYihVK4F7XgHqzCtxUfBuW,3FLbvyw4a9PhokQqzMCmYqKBVVE3MkDJ8t,716045
33tmnMebAzVzZYihVK4F7XgHqzCtxUfBuW,bc1qj0mmer00maq3l57ehchd5dm9daa2hgvck8xgs8,716045
33tmnMebAzVzZYihVK4F7XgHqzCtxUfBuW,bc1p2zd6hlhzrdlvpensse76gv9cfylm6xtkz92k944uuqdhcee3n9uq44faz8,716045
33tmnMebAzVzZYihVK4F7XgHqzCtxUfBuW,bc1p53a5y9ypgj27qv6uwvyl2f90j2dwl3uhcf69jxkdwcfnyd68tdkqhthkkm,716045
33tmnMebAzVzZYihVK4F7XgHqzCtxUfBuW,1C2soM3aSCWo8ghLtpV6XNMcWAUJ8ExQMp,716045
33tmnMebAzVzZYihVK4F7XgHqzCtxUfBuW,bc1quhruqrghgcca950rvhtrg7cpd7u8k6svpzgzmrjy8xyukacl5lkq0r8l2d,716045
3N2LnPh2vnb3GzFpt5MecxXrta9qhfX3kq,bc1qn04lvvwk9hjgtx0r3e70erjflkx3af50hn57sv,716046
3N2LnPh2vnb3GzFpt5MecxXrta9qhfX3kq,1PLX3cZCdRMF3bZLQn7rVna8NQDqrjsGYv,716046
3N2LnPh2vnb3GzFpt5MecxXrta9qhfX3kq,bc1q5g6xklvf78j87w9flslhh4l62dft96sc4vxgv7,716046
3N2LnPh2vnb3GzFpt5MecxXrta9qhfX3kq,3PdtYbZpBePr83APMZnJ9Kjs7xzMv9tqRj,716046
3N2LnPh2vnb3GzFpt5MecxXrta9qhfX3kq,bc1p52yrhxcsra5z4mwznvcwam92vdprhmytsstt5egps6pnv3npz04szmtxvd,716046
3N2LnPh2vnb3GzFpt5MecxXrta9qhfX3kq,bc1p55td2hmcqej8zgtkpms2ht7uwdmlskcff7c9mghdd6wwegex9ees7y5j2c,716046
3N2LnPh2vnb3GzFpt5MecxXrta9qhfX3kq,15cFKpCQLqQh4X6QDnELDfumFgDhspS226,716046
3N2LnPh2vnb3GzFpt5MecxXrta9qhfX3kq,bc1pxdpvd7q5a39dslrq9z7xw5urhrdapgnn6yad6ychzr48pmf3rtqqrdyqxz,716046
3N2LnPh2vnb3GzFpt5MecxXrta9qhfX3kq,bc1q82xhwg0lnv9f6ep8j9n8ylxe4qzmtsm6lmgrzh,716046
3N2LnPh2vnb3GzFpt5MecxXrta9qhfX3kq,bc1qn3780cqkm3fpg76rxjw0ufvd45mujyw2v6xrl7,716046
3N2LnPh2vnb3GzFpt5MecxXrta9qhfX3kq,bc1p43gyc6vzknvl069kz4mqadj9fnlru08vexmll5el4vgh6e265pjs49u77f,716046
3N2LnPh2vnb3GzFpt5MecxXrta9qhfX3kq,bc1pjw5f6mz8d3vq78wmrk3cle3evvdxsymtwj5t7lpzxpsw4mwxylsqntecwu,716046
3N2LnPh2vnb3GzFpt5MecxXrta9qhfX3kq,bc1puneyrvaz2864qfztr259j4wguyrdzr6g3d4zxl4rrz3eka3sjg5qrh8cuu,716046
3N2LnPh2vnb3GzFpt5MecxXrta9qhfX3kq,bc1pxj4j9rgpfgjmgther4hmjpkq82kfv06gs2n35hf6pr7hn2s0c5squsr7cg,716046
3N2LnPh2vnb3GzFpt5MecxXrta9qhfX3kq,bc1p5xqtqhesdauxgtafnqw7eqrvdyxkecqpkmxqg3p62u5m5fq2k8rs5h6y3a,716046
3N2LnPh2vnb3GzFpt5MecxXrta9qhfX3kq,bc1qgmhsdrt8l3rzf7h7um296k33ccfcj6l3q5tml3,716046
3N2LnPh2vnb3GzFpt5MecxXrta9qhfX3kq,bc1pjct0jwz65x2wl3mnx2c7mllddg4yvvtayw72j5gperj8gfte4w7sr79pkv,716046
3N2LnPh2vnb3GzFpt5MecxXrta9qhfX3kq,3FLbvyw4a9PhokQqzMCmYqKBVVE3MkDJ8t,716046
3N2LnPh2vnb3GzFpt5MecxXrta9qhfX3kq,bc1qj0mmer00maq3l57ehchd5dm9daa2hgvck8xgs8,716046
3N2LnPh2vnb3GzFpt5MecxXrta9qhfX3kq,bc1p2zd6hlhzrdlvpensse76gv9cfylm6xtkz92k944uuqdhcee3n9uq44faz8,716046
3N2LnPh2vnb3GzFpt5MecxXrta9qhfX3kq,bc1p53a5y9ypgj27qv6uwvyl2f90j2dwl3uhcf69jxkdwcfnyd68tdkqhthkkm,716046
3N2LnPh2vnb3GzFpt5MecxXrta9qhfX3kq,1C2soM3aSCWo8ghLtpV6XNMcWAUJ8ExQMp,716046
3N2LnPh2vnb3GzFpt5MecxXrta9qhfX3kq,bc1quhruqrghgcca950rvhtrg7cpd7u8k6svpzgzmrjy8xyukacl5lkq0r8l2d,716046
38Fh5UZ6Rmrbf8iYKpQvnUPwfxHmS22fgR,bc1qn04lvvwk9hjgtx0r3e70erjflkx3af50hn57sv,716046
38Fh5UZ6Rmrbf8iYKpQvnUPwfxHmS22fgR,1PLX3cZCdRMF3bZLQn7rVna8NQDqrjsGYv,716046
38Fh5UZ6Rmrbf8iYKpQvnUPwfxHmS22fgR,bc1q5g6xklvf78j87w9flslhh4l62dft96sc4vxgv7,716046
38Fh5UZ6Rmrbf8iYKpQvnUPwfxHmS22fgR,3PdtYbZpBePr83APMZnJ9Kjs7xzMv9tqRj,716046
38Fh5UZ6Rmrbf8iYKpQvnUPwfxHmS22fgR,bc1p52yrhxcsra5z4mwznvcwam92vdprhmytsstt5egps6pnv3npz04szmtxvd,716046
38Fh5UZ6Rmrbf8iYKpQvnUPwfxHmS22fgR,bc1p55td2hmcqej8zgtkpms2ht7uwdmlskcff7c9mghdd6wwegex9ees7y5j2c,716046
38Fh5UZ6Rmrbf8iYKpQvnUPwfxHmS22fgR,15cFKpCQLqQh4X6QDnELDfumFgDhspS226,716046
38Fh5UZ6Rmrbf8iYKpQvnUPwfxHmS22fgR,bc1pxdpvd7q5a39dslrq9z7xw5urhrdapgnn6yad6ychzr48pmf3rtqqrdyqxz,716046
38Fh5UZ6Rmrbf8iYKpQvnUPwfxHmS22fgR,bc1q82xhwg0lnv9f6ep8j9n8ylxe4qzmtsm6lmgrzh,716046
38Fh5UZ6Rmrbf8iYKpQvnUPwfxHmS22fgR,bc1qn3780cqkm3fpg76rxjw0ufvd45mujyw2v6xrl7,716046
38Fh5UZ6Rmrbf8iYKpQvnUPwfxHmS22fgR,bc1p43gyc6vzknvl069kz4mqadj9fnlru08vexmll5el4vgh6e265pjs49u77f,716046
38Fh5UZ6Rmrbf8iYKpQvnUPwfxHmS22fgR,bc1pjw5f6mz8d3vq78wmrk3cle3evvdxsymtwj5t7lpzxpsw4mwxylsqntecwu,716046
38Fh5UZ6Rmrbf8iYKpQvnUPwfxHmS22fgR,bc1puneyrvaz2864qfztr259j4wguyrdzr6g3d4zxl4rrz3eka3sjg5qrh8cuu,716046
38Fh5UZ6Rmrbf8iYKpQvnUPwfxHmS22fgR,bc1pxj4j9rgpfgjmgther4hmjpkq82kfv06gs2n35hf6pr7hn2s0c5squsr7cg,716046
38Fh5UZ6Rmrbf8iYKpQvnUPwfxHmS22fgR,bc1p5xqtqhesdauxgtafnqw7eqrvdyxkecqpkmxqg3p62u5m5fq2k8rs5h6y3a,716046
38Fh5UZ6Rmrbf8iYKpQvnUPwfxHmS22fgR,bc1qgmhsdrt8l3rzf7h7um296k33ccfcj6l3q5tml3,716046
38Fh5UZ6Rmrbf8iYKpQvnUPwfxHmS22fgR,bc1pjct0jwz65x2wl3mnx2c7mllddg4yvvtayw72j5gperj8gfte4w7sr79pkv,716046
38Fh5UZ6Rmrbf8iYKpQvnUPwfxHmS22fgR,3FLbvyw4a9PhokQqzMCmYqKBVVE3MkDJ8t,716046
38Fh5UZ6Rmrbf8iYKpQvnUPwfxHmS22fgR,bc1qj0mmer00maq3l57ehchd5dm9daa2hgvck8xgs8,716046
38Fh5UZ6Rmrbf8iYKpQvnUPwfxHmS22fgR,bc1p2zd6hlhzrdlvpensse76gv9cfylm6xtkz92k944uuqdhcee3n9uq44faz8,716046
38Fh5UZ6Rmrbf8iYKpQvnUPwfxHmS22fgR,bc1p53a5y9ypgj27qv6uwvyl2f90j2dwl3uhcf69jxkdwcfnyd68tdkqhthkkm,716046
38Fh5UZ6Rmrbf8iYKpQvnUPwfxHmS22fgR,1C2soM3aSCWo8ghLtpV6XNMcWAUJ8ExQMp,716046
38Fh5UZ6Rmrbf8iYKpQvnUPwfxHmS22fgR,bc1quhruqrghgcca950rvhtrg7cpd7u8k6svpzgzmrjy8xyukacl5lkq0r8l2d,716046
34b7pMi8BaXQch6ox8dikpJFK9jpNor3cr,bc1qn04lvvwk9hjgtx0r3e70erjflkx3af50hn57sv,716047
34b7pMi8BaXQch6ox8dikpJFK9jpNor3cr,1PLX3cZCdRMF3bZLQn7rVna8NQDqrjsGYv,716047
34b7pMi8BaXQch6ox8dikpJFK9jpNor3cr,bc1q5g6xklvf78j87w9flslhh4l62dft96sc4vxgv7,716047
34b7pMi8BaXQch6ox8dikpJFK9jpNor3cr,3PdtYbZpBePr83APMZnJ9Kjs7xzMv9tqRj,716047
34b7pMi8BaXQch6ox8dikpJFK9jpNor3cr,bc1p52yrhxcsra5z4mwznvcwam92vdprhmytsstt5egps6pnv3npz04szmtxvd,716047
34b7pMi8BaXQch6ox8dikpJFK9jpNor3cr,bc1p55td2hmcqej8zgtkpms2ht7uwdmlskcff7c9mghdd6wwegex9ees7y5j2c,716047
34b7pMi8BaXQch6ox8dikpJFK9jpNor3cr,15cFKpCQLqQh4X6QDnELDfumFgDhspS226,716047
34b7pMi8BaXQch6ox8dikpJFK9jpNor3cr,bc1pxdpvd7q5a39dslrq9z7xw5urhrdapgnn6yad6ychzr48pmf3rtqqrdyqxz,716047
34b7pMi8BaXQch6ox8dikpJFK9jpNor3cr,bc1q82xhwg0lnv9f6ep8j9n8ylxe4qzmtsm6lmgrzh,716047
34b7pMi8BaXQch6ox8dikpJFK9jpNor3cr,bc1qn3780cqkm3fpg76rxjw0ufvd45mujyw2v6xrl7,716047
34b7pMi8BaXQch6ox8dikpJFK9jpNor3cr,bc1p43gyc6vzknvl069kz4mqadj9fnlru08vexmll5el4vgh6e265pjs49u77f,716047
34b7pMi8BaXQch6ox8dikpJFK9jpNor3cr,bc1pjw5f6mz8d3vq78wmrk3cle3evvdxsymtwj5t7lpzxpsw4mwxylsqntecwu,716047
34b7pMi8BaXQch6ox8dikpJFK9jpNor3cr,bc1puneyrvaz2864qfztr259j4wguyrdzr6g3d4zxl4rrz3eka3sjg5qrh8cuu,716047
34b7pMi8BaXQch6ox8dikpJFK9jpNor3cr,bc1pxj4j9rgpfgjmgther4hmjpkq82kfv06gs2n35hf6pr7hn2s0c5squsr7cg,716047
34b7pMi8BaXQch6ox8dikpJFK9jpNor3cr,bc1p5xqtqhesdauxgtafnqw7eqrvdyxkecqpkmxqg3p62u5m5fq2k8rs5h6y3a,716047
34b7pMi8BaXQch6ox8dikpJFK9jpNor3cr,bc1qgmhsdrt8l3rzf7h7um296k33ccfcj6l3q5tml3,716047
34b7pMi8BaXQch6ox8dikpJFK9jpNor3cr,bc1pjct0jwz65x2wl3mnx2c7mllddg4yvvtayw72j5gperj8gfte4w7sr79pkv,716047
34b7pMi8BaXQch6ox8dikpJFK9jpNor3cr,3FLbvyw4a9PhokQqzMCmYqKBVVE3MkDJ8t,716047
34b7pMi8BaXQch6ox8dikpJFK9jpNor3cr,bc1qj0mmer00maq3l57ehchd5dm9daa2hgvck8xgs8,716047
34b7pMi8BaXQch6ox8dikpJFK9jpNor3cr,bc1p2zd6hlhzrdlvpensse76gv9cfylm6xtkz92k944uuqdhcee3n9uq44faz8,716047
34b7pMi8BaXQch6ox8dikpJFK9jpNor3cr,bc1p53a5y9ypgj27qv6uwvyl2f90j2dwl3uhcf69jxkdwcfnyd68tdkqhthkkm,716047
34b7pMi8BaXQch6ox8dikpJFK9jpNor3cr,1C2soM3aSCWo8ghLtpV6XNMcWAUJ8ExQMp,716047
34b7pMi8BaXQch6ox8dikpJFK9jpNor3cr,bc1quhruqrghgcca950rvhtrg7cpd7u8k6svpzgzmrjy8xyukacl5lkq0r8l2d,716047
36WYP5psaNLZkHKSbJztirr7Nd1mRMoQi6,bc1qn04lvvwk9hjgtx0r3e70erjflkx3af50hn57sv,716050
36WYP5psaNLZkHKSbJztirr7Nd1mRMoQi6,1PLX3cZCdRMF3bZLQn7rVna8NQDqrjsGYv,716050
36WYP5psaNLZkHKSbJztirr7Nd1mRMoQi6,bc1q5g6xklvf78j87w9flslhh4l62dft96sc4vxgv7,716050
36WYP5psaNLZkHKSbJztirr7Nd1mRMoQi6,3PdtYbZpBePr83APMZnJ9Kjs7xzMv9tqRj,716050
36WYP5psaNLZkHKSbJztirr7Nd1mRMoQi6,bc1p52yrhxcsra5z4mwznvcwam92vdprhmytsstt5egps6pnv3npz04szmtxvd,716050
36WYP5psaNLZkHKSbJztirr7Nd1mRMoQi6,bc1p55td2hmcqej8zgtkpms2ht7uwdmlskcff7c9mghdd6wwegex9ees7y5j2c,716050
36WYP5psaNLZkHKSbJztirr7Nd1mRMoQi6,15cFKpCQLqQh4X6QDnELDfumFgDhspS226,716050
36WYP5psaNLZkHKSbJztirr7Nd1mRMoQi6,bc1pxdpvd7q5a39dslrq9z7xw5urhrdapgnn6yad6ychzr48pmf3rtqqrdyqxz,716050
36WYP5psaNLZkHKSbJztirr7Nd1mRMoQi6,bc1q82xhwg0lnv9f6ep8j9n8ylxe4qzmtsm6lmgrzh,716050
36WYP5psaNLZkHKSbJztirr7Nd1mRMoQi6,bc1qn3780cqkm3fpg76rxjw0ufvd45mujyw2v6xrl7,716050
36WYP5psaNLZkHKSbJztirr7Nd1mRMoQi6,bc1p43gyc6vzknvl069kz4mqadj9fnlru08vexmll5el4vgh6e265pjs49u77f,716050
36WYP5psaNLZkHKSbJztirr7Nd1mRMoQi6,bc1pjw5f6mz8d3vq78wmrk3cle3evvdxsymtwj5t7lpzxpsw4mwxylsqntecwu,716050
36WYP5psaNLZkHKSbJztirr7Nd1mRMoQi6,bc1puneyrvaz2864qfztr259j4wguyrdzr6g3d4zxl4rrz3eka3sjg5qrh8cuu,716050
36WYP5psaNLZkHKSbJztirr7Nd1mRMoQi6,bc1pxj4j9rgpfgjmgther4hmjpkq82kfv06gs2n35hf6pr7hn2s0c5squsr7cg,716050
36WYP5psaNLZkHKSbJztirr7Nd1mRMoQi6,bc1p5xqtqhesdauxgtafnqw7eqrvdyxkecqpkmxqg3p62u5m5fq2k8rs5h6y3a,716050
36WYP5psaNLZkHKSbJztirr7Nd1mRMoQi6,bc1qgmhsdrt8l3rzf7h7um296k33ccfcj6l3q5tml3,716050
36WYP5psaNLZkHKSbJztirr7Nd1mRMoQi6,bc1pjct0jwz65x2wl3mnx2c7mllddg4yvvtayw72j5gperj8gfte4w7sr79pkv,716050
36WYP5psaNLZkHKSbJztirr7Nd1mRMoQi6,3FLbvyw4a9PhokQqzMCmYqKBVVE3MkDJ8t,716050
36WYP5psaNLZkHKSbJztirr7Nd1mRMoQi6,bc1qj0mmer00maq3l57ehchd5dm9daa2hgvck8xgs8,716050
36WYP5psaNLZkHKSbJztirr7Nd1mRMoQi6,bc1p2zd6hlhzrdlvpensse76gv9cfylm6xtkz92k944uuqdhcee3n9uq44faz8,716050
36WYP5psaNLZkHKSbJztirr7Nd1mRMoQi6,bc1p53a5y9ypgj27qv6uwvyl2f90j2dwl3uhcf69jxkdwcfnyd68tdkqhthkkm,716050
36WYP5psaNLZkHKSbJztirr7Nd1mRMoQi6,1C2soM3aSCWo8ghLtpV6XNMcWAUJ8ExQMp,716050
36WYP5psaNLZkHKSbJztirr7Nd1mRMoQi6,bc1quhruqrghgcca950rvhtrg7cpd7u8k6svpzgzmrjy8xyukacl5lkq0r8l2d,716050
3DDSQkhDLncGuUcDAJRtvvgicn2Hs6Jz8v,bc1qn04lvvwk9hjgtx0r3e70erjflkx3af50hn57sv,716050
3DDSQkhDLncGuUcDAJRtvvgicn2Hs6Jz8v,1PLX3cZCdRMF3bZLQn7rVna8NQDqrjsGYv,716050
3DDSQkhDLncGuUcDAJRtvvgicn2Hs6Jz8v,bc1q5g6xklvf78j87w9flslhh4l62dft96sc4vxgv7,716050
3DDSQkhDLncGuUcDAJRtvvgicn2Hs6Jz8v,3PdtYbZpBePr83APMZnJ9Kjs7xzMv9tqRj,716050
3DDSQkhDLncGuUcDAJRtvvgicn2Hs6Jz8v,bc1p52yrhxcsra5z4mwznvcwam92vdprhmytsstt5egps6pnv3npz04szmtxvd,716050
3DDSQkhDLncGuUcDAJRtvvgicn2Hs6Jz8v,bc1p55td2hmcqej8zgtkpms2ht7uwdmlskcff7c9mghdd6wwegex9ees7y5j2c,716050
3DDSQkhDLncGuUcDAJRtvvgicn2Hs6Jz8v,15cFKpCQLqQh4X6QDnELDfumFgDhspS226,716050
3DDSQkhDLncGuUcDAJRtvvgicn2Hs6Jz8v,bc1pxdpvd7q5a39dslrq9z7xw5urhrdapgnn6yad6ychzr48pmf3rtqqrdyqxz,716050
3DDSQkhDLncGuUcDAJRtvvgicn2Hs6Jz8v,bc1q82xhwg0lnv9f6ep8j9n8ylxe4qzmtsm6lmgrzh,716050
3DDSQkhDLncGuUcDAJRtvvgicn2Hs6Jz8v,bc1qn3780cqkm3fpg76rxjw0ufvd45mujyw2v6xrl7,716050
3DDSQkhDLncGuUcDAJRtvvgicn2Hs6Jz8v,bc1p43gyc6vzknvl069kz4mqadj9fnlru08vexmll5el4vgh6e265pjs49u77f,716050
3DDSQkhDLncGuUcDAJRtvvgicn2Hs6Jz8v,bc1pjw5f6mz8d3vq78wmrk3cle3evvdxsymtwj5t7lpzxpsw4mwxylsqntecwu,716050
3DDSQkhDLncGuUcDAJRtvvgicn2Hs6Jz8v,bc1puneyrvaz2864qfztr259j4wguyrdzr6g3d4zxl4rrz3eka3sjg5qrh8cuu,716050
3DDSQkhDLncGuUcDAJRtvvgicn2Hs6Jz8v,bc1pxj4j9rgpfgjmgther4hmjpkq82kfv06gs2n35hf6pr7hn2s0c5squsr7cg,716050
3DDSQkhDLncGuUcDAJRtvvgicn2Hs6Jz8v,bc1p5xqtqhesdauxgtafnqw7eqrvdyxkecqpkmxqg3p62u5m5fq2k8rs5h6y3a,716050
3DDSQkhDLncGuUcDAJRtvvgicn2Hs6Jz8v,bc1qgmhsdrt8l3rzf7h7um296k33ccfcj6l3q5tml3,716050
3DDSQkhDLncGuUcDAJRtvvgicn2Hs6Jz8v,bc1pjct0jwz65x2wl3mnx2c7mllddg4yvvtayw72j5gperj8gfte4w7sr79pkv,716050
3DDSQkhDLncGuUcDAJRtvvgicn2Hs6Jz8v,3FLbvyw4a9PhokQqzMCmYqKBVVE3MkDJ8t,716050
3DDSQkhDLncGuUcDAJRtvvgicn2Hs6Jz8v,bc1qj0mmer00maq3l57ehchd5dm9daa2hgvck8xgs8,716050
3DDSQkhDLncGuUcDAJRtvvgicn2Hs6Jz8v,bc1p2zd6hlhzrdlvpensse76gv9cfylm6xtkz92k944uuqdhcee3n9uq44faz8,716050
3DDSQkhDLncGuUcDAJRtvvgicn2Hs6Jz8v,bc1p53a5y9ypgj27qv6uwvyl2f90j2dwl3uhcf69jxkdwcfnyd68tdkqhthkkm,716050
3DDSQkhDLncGuUcDAJRtvvgicn2Hs6Jz8v,1C2soM3aSCWo8ghLtpV6XNMcWAUJ8ExQMp,716050
3DDSQkhDLncGuUcDAJRtvvgicn2Hs6Jz8v,bc1quhruqrghgcca950rvhtrg7cpd7u8k6svpzgzmrjy8xyukacl5lkq0r8l2d,716050
3HSyrF8HCBHP96DXBVP8dLfZramMrDkGup,bc1qn04lvvwk9hjgtx0r3e70erjflkx3af50hn57sv,716059
3HSyrF8HCBHP96DXBVP8dLfZramMrDkGup,1PLX3cZCdRMF3bZLQn7rVna8NQDqrjsGYv,716059
3HSyrF8HCBHP96DXBVP8dLfZramMrDkGup,bc1q5g6xklvf78j87w9flslhh4l62dft96sc4vxgv7,716059
3HSyrF8HCBHP96DXBVP8dLfZramMrDkGup,3PdtYbZpBePr83APMZnJ9Kjs7xzMv9tqRj,716059
3HSyrF8HCBHP96DXBVP8dLfZramMrDkGup,bc1p52yrhxcsra5z4mwznvcwam92vdprhmytsstt5egps6pnv3npz04szmtxvd,716059
3HSyrF8HCBHP96DXBVP8dLfZramMrDkGup,bc1p55td2hmcqej8zgtkpms2ht7uwdmlskcff7c9mghdd6wwegex9ees7y5j2c,716059
3HSyrF8HCBHP96DXBVP8dLfZramMrDkGup,15cFKpCQLqQh4X6QDnELDfumFgDhspS226,716059
3HSyrF8HCBHP96DXBVP8dLfZramMrDkGup,bc1pxdpvd7q5a39dslrq9z7xw5urhrdapgnn6yad6ychzr48pmf3rtqqrdyqxz,716059
3HSyrF8HCBHP96DXBVP8dLfZramMrDkGup,bc1q82xhwg0lnv9f6ep8j9n8ylxe4qzmtsm6lmgrzh,716059
3HSyrF8HCBHP96DXBVP8dLfZramMrDkGup,bc1qn3780cqkm3fpg76rxjw0ufvd45mujyw2v6xrl7,716059
3HSyrF8HCBHP96DXBVP8dLfZramMrDkGup,bc1p43gyc6vzknvl069kz4mqadj9fnlru08vexmll5el4vgh6e265pjs49u77f,716059
3HSyrF8HCBHP96DXBVP8dLfZramMrDkGup,bc1pjw5f6mz8d3vq78wmrk3cle3evvdxsymtwj5t7lpzxpsw4mwxylsqntecwu,716059
3HSyrF8HCBHP96DXBVP8dLfZramMrDkGup,bc1puneyrvaz2864qfztr259j4wguyrdzr6g3d4zxl4rrz3eka3sjg5qrh8cuu,716059
3HSyrF8HCBHP96DXBVP8dLfZramMrDkGup,bc1pxj4j9rgpfgjmgther4hmjpkq82kfv06gs2n35hf6pr7hn2s0c5squsr7cg,716059
3HSyrF8HCBHP96DXBVP8dLfZramMrDkGup,bc1p5xqtqhesdauxgtafnqw7eqrvdyxkecqpkmxqg3p62u5m5fq2k8rs5h6y3a,716059
3HSyrF8HCBHP96DXBVP8dLfZramMrDkGup,bc1qgmhsdrt8l3rzf7h7um296k33ccfcj6l3q5tml3,716059
3HSyrF8HCBHP96DXBVP8dLfZramMrDkGup,bc1pjct0jwz65x2wl3mnx2c7mllddg4yvvtayw72j5gperj8gfte4w7sr79pkv,716059
3HSyrF8HCBHP96DXBVP8dLfZramMrDkGup,3FLbvyw4a9PhokQqzMCmYqKBVVE3MkDJ8t,716059
3HSyrF8HCBHP96DXBVP8dLfZramMrDkGup,bc1qj0mmer00maq3l57ehchd5dm9daa2hgvck8xgs8,716059
3HSyrF8HCBHP96DXBVP8dLfZramMrDkGup,bc1p2zd6hlhzrdlvpensse76gv9cfylm6xtkz92k944uuqdhcee3n9uq44faz8,716059
3HSyrF8HCBHP96DXBVP8dLfZramMrDkGup,bc1p53a5y9ypgj27qv6uwvyl2f90j2dwl3uhcf69jxkdwcfnyd68tdkqhthkkm,716059
3HSyrF8HCBHP96DXBVP8dLfZramMrDkGup,1C2soM3aSCWo8ghLtpV6XNMcWAUJ8ExQMp,716059
3HSyrF8HCBHP96DXBVP8dLfZramMrDkGup,bc1quhruqrghgcca950rvhtrg7cpd7u8k6svpzgzmrjy8xyukacl5lkq0r8l2d,716059
39DFnwHRboXGRdEyR2gnjvSHp9cqzLH1ei,bc1qn04lvvwk9hjgtx0r3e70erjflkx3af50hn57sv,716060
39DFnwHRboXGRdEyR2gnjvSHp9cqzLH1ei,1PLX3cZCdRMF3bZLQn7rVna8NQDqrjsGYv,716060
39DFnwHRboXGRdEyR2gnjvSHp9cqzLH1ei,bc1q5g6xklvf78j87w9flslhh4l62dft96sc4vxgv7,716060
39DFnwHRboXGRdEyR2gnjvSHp9cqzLH1ei,3PdtYbZpBePr83APMZnJ9Kjs7xzMv9tqRj,716060
39DFnwHRboXGRdEyR2gnjvSHp9cqzLH1ei,bc1p52yrhxcsra5z4mwznvcwam92vdprhmytsstt5egps6pnv3npz04szmtxvd,716060
39DFnwHRboXGRdEyR2gnjvSHp9cqzLH1ei,bc1p55td2hmcqej8zgtkpms2ht7uwdmlskcff7c9mghdd6wwegex9ees7y5j2c,716060
39DFnwHRboXGRdEyR2gnjvSHp9cqzLH1ei,15cFKpCQLqQh4X6QDnELDfumFgDhspS226,716060
39DFnwHRboXGRdEyR2gnjvSHp9cqzLH1ei,bc1pxdpvd7q5a39dslrq9z7xw5urhrdapgnn6yad6ychzr48pmf3rtqqrdyqxz,716060
39DFnwHRboXGRdEyR2gnjvSHp9cqzLH1ei,bc1q82xhwg0lnv9f6ep8j9n8ylxe4qzmtsm6lmgrzh,716060
39DFnwHRboXGRdEyR2gnjvSHp9cqzLH1ei,bc1qn3780cqkm3fpg76rxjw0ufvd45mujyw2v6xrl7,716060
39DFnwHRboXGRdEyR2gnjvSHp9cqzLH1ei,bc1p43gyc6vzknvl069kz4mqadj9fnlru08vexmll5el4vgh6e265pjs49u77f,716060
39DFnwHRboXGRdEyR2gnjvSHp9cqzLH1ei,bc1pjw5f6mz8d3vq78wmrk3cle3evvdxsymtwj5t7lpzxpsw4mwxylsqntecwu,716060
39DFnwHRboXGRdEyR2gnjvSHp9cqzLH1ei,bc1puneyrvaz2864qfztr259j4wguyrdzr6g3d4zxl4rrz3eka3sjg5qrh8cuu,716060
39DFnwHRboXGRdEyR2gnjvSHp9cqzLH1ei,bc1pxj4j9rgpfgjmgther4hmjpkq82kfv06gs2n35hf6pr7hn2s0c5squsr7cg,716060
39DFnwHRboXGRdEyR2gnjvSHp9cqzLH1ei,bc1p5xqtqhesdauxgtafnqw7eqrvdyxkecqpkmxqg3p62u5m5fq2k8rs5h6y3a,716060
39DFnwHRboXGRdEyR2gnjvSHp9cqzLH1ei,bc1qgmhsdrt8l3rzf7h7um296k33ccfcj6l3q5tml3,716060
39DFnwHRboXGRdEyR2gnjvSHp9cqzLH1ei,bc1pjct0jwz65x2wl3mnx2c7mllddg4yvvtayw72j5gperj8gfte4w7sr79pkv,716060
39DFnwHRboXGRdEyR2gnjvSHp9cqzLH1ei,3FLbvyw4a9PhokQqzMCmYqKBVVE3MkDJ8t,716060
39DFnwHRboXGRdEyR2gnjvSHp9cqzLH1ei,bc1qj0mmer00maq3l57ehchd5dm9daa2hgvck8xgs8,716060
39DFnwHRboXGRdEyR2gnjvSHp9cqzLH1ei,bc1p2zd6hlhzrdlvpensse76gv9cfylm6xtkz92k944uuqdhcee3n9uq44faz8,716060
39DFnwHRboXGRdEyR2gnjvSHp9cqzLH1ei,bc1p53a5y9ypgj27qv6uwvyl2f90j2dwl3uhcf69jxkdwcfnyd68tdkqhthkkm,716060
39DFnwHRboXGRdEyR2gnjvSHp9cqzLH1ei,1C2soM3aSCWo8ghLtpV6XNMcWAUJ8ExQMp,716060
39DFnwHRboXGRdEyR2gnjvSHp9cqzLH1ei,bc1quhruqrghgcca950rvhtrg7cpd7u8k6svpzgzmrjy8xyukacl5lkq0r8l2d,716060
37M9uUEfiQdyXWVJ7JXpX2BCR99qHGnWtt,bc1qn04lvvwk9hjgtx0r3e70erjflkx3af50hn57sv,716062
37M9uUEfiQdyXWVJ7JXpX2BCR99qHGnWtt,1PLX3cZCdRMF3bZLQn7rVna8NQDqrjsGYv,716062
37M9uUEfiQdyXWVJ7JXpX2BCR99qHGnWtt,bc1q5g6xklvf78j87w9flslhh4l62dft96sc4vxgv7,716062
37M9uUEfiQdyXWVJ7JXpX2BCR99qHGnWtt,3PdtYbZpBePr83APMZnJ9Kjs7xzMv9tqRj,716062
37M9uUEfiQdyXWVJ7JXpX2BCR99qHGnWtt,bc1p52yrhxcsra5z4mwznvcwam92vdprhmytsstt5egps6pnv3npz04szmtxvd,716062
37M9uUEfiQdyXWVJ7JXpX2BCR99qHGnWtt,bc1p55td2hmcqej8zgtkpms2ht7uwdmlskcff7c9mghdd6wwegex9ees7y5j2c,716062
37M9uUEfiQdyXWVJ7JXpX2BCR99qHGnWtt,15cFKpCQLqQh4X6QDnELDfumFgDhspS226,716062
37M9uUEfiQdyXWVJ7JXpX2BCR99qHGnWtt,bc1pxdpvd7q5a39dslrq9z7xw5urhrdapgnn6yad6ychzr48pmf3rtqqrdyqxz,716062
37M9uUEfiQdyXWVJ7JXpX2BCR99qHGnWtt,bc1q82xhwg0lnv9f6ep8j9n8ylxe4qzmtsm6lmgrzh,716062
37M9uUEfiQdyXWVJ7JXpX2BCR99qHGnWtt,bc1qn3780cqkm3fpg76rxjw0ufvd45mujyw2v6xrl7,716062
37M9uUEfiQdyXWVJ7JXpX2BCR99qHGnWtt,bc1p43gyc6vzknvl069kz4mqadj9fnlru08vexmll5el4vgh6e265pjs49u77f,716062
37M9uUEfiQdyXWVJ7JXpX2BCR99qHGnWtt,bc1pjw5f6mz8d3vq78wmrk3cle3evvdxsymtwj5t7lpzxpsw4mwxylsqntecwu,716062
37M9uUEfiQdyXWVJ7JXpX2BCR99qHGnWtt,bc1puneyrvaz2864qfztr259j4wguyrdzr6g3d4zxl4rrz3eka3sjg5qrh8cuu,716062
37M9uUEfiQdyXWVJ7JXpX2BCR99qHGnWtt,bc1pxj4j9rgpfgjmgther4hmjpkq82kfv06gs2n35hf6pr7hn2s0c5squsr7cg,716062
37M9uUEfiQdyXWVJ7JXpX2BCR99qHGnWtt,bc1p5xqtqhesdauxgtafnqw7eqrvdyxkecqpkmxqg3p62u5m5fq2k8rs5h6y3a,716062
37M9uUEfiQdyXWVJ7JXpX2BCR99qHGnWtt,bc1qgmhsdrt8l3rzf7h7um296k33ccfcj6l3q5tml3,716062
37M9uUEfiQdyXWVJ7JXpX2BCR99qHGnWtt,bc1pjct0jwz65x2wl3mnx2c7mllddg4yvvtayw72j5gperj8gfte4w7sr79pkv,716062
37M9uUEfiQdyXWVJ7JXpX2BCR99qHGnWtt,3FLbvyw4a9PhokQqzMCmYqKBVVE3MkDJ8t,716062
37M9uUEfiQdyXWVJ7JXpX2BCR99qHGnWtt,bc1qj0mmer00maq3l57ehchd5dm9daa2hgvck8xgs8,716062
37M9uUEfiQdyXWVJ7JXpX2BCR99qHGnWtt,bc1p2zd6hlhzrdlvpensse76gv9cfylm6xtkz92k944uuqdhcee3n9uq44faz8,716062
37M9uUEfiQdyXWVJ7JXpX2BCR99qHGnWtt,bc1p53a5y9ypgj27qv6uwvyl2f90j2dwl3uhcf69jxkdwcfnyd68tdkqhthkkm,716062
37M9uUEfiQdyXWVJ7JXpX2BCR99qHGnWtt,1C2soM3aSCWo8ghLtpV6XNMcWAUJ8ExQMp,716062
37M9uUEfiQdyXWVJ7JXpX2BCR99qHGnWtt,bc1quhruqrghgcca950rvhtrg7cpd7u8k6svpzgzmrjy8xyukacl5lkq0r8l2d,716062
bc1qywlymf7s59q0rfqt38vvscdkgza90ap3ayk8es,3BtEfHsgfwWc6Cya7DRZhepsW2bnTwZnxW,1200485859
bc1qywlymf7s59q0rfqt38vvscdkgza90ap3ayk8es,bc1q6ju36yr4nqe9auky5aaat4yjh4g2qskmqav90y,1200485859
bc1pzjzpyf4tezdzwqwteet6atc598fkerz6lqrx0985hyjcw4ku32hqrt26vr,bc1pzjzpyf4tezdzwqwteet6atc598fkerz6lqrx0985hyjcw4ku32hqrt26vr,3151
bc1pzjzpyf4tezdzwqwteet6atc598fkerz6lqrx0985hyjcw4ku32hqrt26vr,,3151
bc1q4n2x2qwh4r9lsnhr60alre2q07d8pjqq8szc0g,bc1qay74nc2djs2g5acqp72eyvlqp3ku7sj97jft8y,790
bc1q4n2x2qwh4r9lsnhr60alre2q07d8pjqq8szc0g,,790
bc1q4n2x2qwh4r9lsnhr60alre2q07d8pjqq8szc0g,,790
bc1q4n2x2qwh4r9lsnhr60alre2q07d8pjqq8szc0g,bc1qay74nc2djs2g5acqp72eyvlqp3ku7sj97jft8y,790
bc1qay74nc2djs2g5acqp72eyvlqp3ku7sj97jft8y,bc1qay74nc2djs2g5acqp72eyvlqp3ku7sj97jft8y,84536
bc1qay74nc2djs2g5acqp72eyvlqp3ku7sj97jft8y,,84536
bc1qay74nc2djs2g5acqp72eyvlqp3ku7sj97jft8y,,84536
bc1qay74nc2djs2g5acqp72eyvlqp3ku7sj97jft8y,bc1qay74nc2djs2g5acqp72eyvlqp3ku7sj97jft8y,84536
bc1pzjzpyf4tezdzwqwteet6atc598fkerz6lqrx0985hyjcw4ku32hqrt26vr,bc1pzjzpyf4tezdzwqwteet6atc598fkerz6lqrx0985hyjcw4ku32hqrt26vr,2630
bc1pzjzpyf4tezdzwqwteet6atc598fkerz6lqrx0985hyjcw4ku32hqrt26vr,,2630
bc1qfh8dehk3hep2fknxc2kaga8qurdygtl6c7e3t4,bc1qymltqvzgvc2gat22hsrk6pel7lu7m2v5msk807,25908
bc1pf662malx9g07ls9jt0vm2ragmrt6cczyf67l2yf50gd4qekvt28qmdt8ym,bc1psnjv8zr6gs5u4k0gn77tuvcch4jp3pvxlh2585eccd32jvgv7dgq4gd7hc,330
bc1pf662malx9g07ls9jt0vm2ragmrt6cczyf67l2yf50gd4qekvt28qmdt8ym,bc1pf662malx9g07ls9jt0vm2ragmrt6cczyf67l2yf50gd4qekvt28qmdt8ym,330
bc1pf662malx9g07ls9jt0vm2ragmrt6cczyf67l2yf50gd4qekvt28qmdt8ym,bc1psnjv8zr6gs5u4k0gn77tuvcch4jp3pvxlh2585eccd32jvgv7dgq4gd7hc,115156
bc1pf662malx9g07ls9jt0vm2ragmrt6cczyf67l2yf50gd4qekvt28qmdt8ym,bc1pf662malx9g07ls9jt0vm2ragmrt6cczyf67l2yf50gd4qekvt28qmdt8ym,115156
bc1q7p4gnztw0tnf29nllcqgmksws6xmeggd4p6zff,1BtSNjm3mreirbm8GU3oaNRB8ikcEbVfzJ,40252
bc1q7p4gnztw0tnf29nllcqgmksws6xmeggd4p6zff,1BtSNjm3mreirbm8GU3oaNRB8ikcEbVfzJ,12083
bc1q7txpl9jeau2kjs58lnyv3rpu3p8m5tfhngqkrs,17gXa4TneoWkR7LGjorHiH2UKiR8gHacCj,10000000
bc1q7txpl9jeau2kjs58lnyv3rpu3p8m5tfhngqkrs,bc1q7txpl9jeau2kjs58lnyv3rpu3p8m5tfhngqkrs,10000000
bc1q9647j7syvpyttnlwu4ld0pqg8c8zx059lrf0r2,bc1qymwmx3mfsned9vh9nstuhgpkjx77hku8268m32,99250
bc1q9647j7syvpyttnlwu4ld0pqg8c8zx059lrf0r2,bc1qxvlvzdgrlp4w9g4jqu302l405eclw803xkmwee,99250
bc1pzjzpyf4tezdzwqwteet6atc598fkerz6lqrx0985hyjcw4ku32hqrt26vr,bc1pzjzpyf4tezdzwqwteet6atc598fkerz6lqrx0985hyjcw4ku32hqrt26vr,2109
bc1pzjzpyf4tezdzwqwteet6atc598fkerz6lqrx0985hyjcw4ku32hqrt26vr,,2109
bc1qfgtfr5ralsaaanu6njvyj6xh4z5cvnl73p27wt,bc1qz8ckkva4mjz7kep6kjzgvlwccxp74lf3lq9zy0,121695
bc1qfgtfr5ralsaaanu6njvyj6xh4z5cvnl73p27wt,bc1q7w0eg4f8hx0mkcu5c0xzf7gp7zcfv0tszp90wx,121695
bc1q2ter0n2gahja4hqrm5tzstnpxjm2vg2h3p2zsj,bc1qz8ckkva4mjz7kep6kjzgvlwccxp74lf3lq9zy0,10960025
bc1q2ter0n2gahja4hqrm5tzstnpxjm2vg2h3p2zsj,bc1q7w0eg4f8hx0mkcu5c0xzf7gp7zcfv0tszp90wx,10960025
bc1qsxe64uc4j0xfzcgv32w6qfnkjhf6akqlfr5u5r,1Lg9AwdsfeQrTBJawhSKiDLja6cHtr64y8,4435705
bc1qsxe64uc4j0xfzcgv32w6qfnkjhf6akqlfr5u5r,bc1qsxe64uc4j0xfzcgv32w6qfnkjhf6akqlfr5u5r,4435705
bc1qsxe64uc4j0xfzcgv32w6qfnkjhf6akqlfr5u5r,1Lg9AwdsfeQrTBJawhSKiDLja6cHtr64y8,2748200
bc1qsxe64uc4j0xfzcgv32w6qfnkjhf6akqlfr5u5r,bc1qsxe64uc4j0xfzcgv32w6qfnkjhf6akqlfr5u5r,2748200
bc1qsxe64uc4j0xfzcgv32w6qfnkjhf6akqlfr5u5r,1Lg9AwdsfeQrTBJawhSKiDLja6cHtr64y8,4603533
bc1qsxe64uc4j0xfzcgv32w6qfnkjhf6akqlfr5u5r,bc1qsxe64uc4j0xfzcgv32w6qfnkjhf6akqlfr5u5r,4603533
bc1qsxe64uc4j0xfzcgv32w6qfnkjhf6akqlfr5u5r,1Lg9AwdsfeQrTBJawhSKiDLja6cHtr64y8,2752006
bc1qsxe64uc4j0xfzcgv32w6qfnkjhf6akqlfr5u5r,bc1qsxe64uc4j0xfzcgv32w6qfnkjhf6akqlfr5u5r,2752006
bc1qd0h35n849n5ffwav3nfrnfh2nuhm8z3k5rl57r,bc1qfc03z5jmwaumhs5wc2zufl0e44cpgf2vy3z8gj,859807
bc1qd0h35n849n5ffwav3nfrnfh2nuhm8z3k5rl57r,1B5bf3i5ZMhZnPzrAQTY32UT2bivW3tA3L,859807
bc1pe6zhu2n7205yr4z6mq7e7vfntr2yy8sdwd9kze9pxevnlj2y64ns2s6whk,bc1pe6zhu2n7205yr4z6mq7e7vfntr2yy8sdwd9kze9pxevnlj2y64ns2s6whk,1293140
bc1pe6zhu2n7205yr4z6mq7e7vfntr2yy8sdwd9kze9pxevnlj2y64ns2s6whk,bc1pe6zhu2n7205yr4z6mq7e7vfntr2yy8sdwd9kze9pxevnlj2y64ns2s6whk,1293140
bc1pe6zhu2n7205yr4z6mq7e7vfntr2yy8sdwd9kze9pxevnlj2y64ns2s6whk,bc1pe6zhu2n7205yr4z6mq7e7vfntr2yy8sdwd9kze9pxevnlj2y64ns2s6whk,1293140
bc1pe6zhu2n7205yr4z6mq7e7vfntr2yy8sdwd9kze9pxevnlj2y64ns2s6whk,bc1pe6zhu2n7205yr4z6mq7e7vfntr2yy8sdwd9kze9pxevnlj2y64ns2s6whk,600
bc1pe6zhu2n7205yr4z6mq7e7vfntr2yy8sdwd9kze9pxevnlj2y64ns2s6whk,bc1pe6zhu2n7205yr4z6mq7e7vfntr2yy8sdwd9kze9pxevnlj2y64ns2s6whk,600
bc1pe6zhu2n7205yr4z6mq7e7vfntr2yy8sdwd9kze9pxevnlj2y64ns2s6whk,bc1peec28a532mz7yj433wkj7aj4325nrav8zg30lx08vhs4dpphmvlsz8adj0,600
bc1pe6zhu2n7205yr4z6mq7e7vfntr2yy8sdwd9kze9pxevnlj2y64ns2s6whk,bc1pe6zhu2n7205yr4z6mq7e7vfntr2yy8sdwd9kze9pxevnlj2y64ns2s6whk,600
bc1pe6zhu2n7205yr4z6mq7e7vfntr2yy8sdwd9kze9pxevnlj2y64ns2s6whk,bc1pe6zhu2n7205yr4z6mq7e7vfntr2yy8sdwd9kze9pxevnlj2y64ns2s6whk,600
bc1pe6zhu2n7205yr4z6mq7e7vfntr2yy8sdwd9kze9pxevnlj2y64ns2s6whk,bc1pe6zhu2n7205yr4z6mq7e7vfntr2yy8sdwd9kze9pxevnlj2y64ns2s6whk,600
bc1pe6zhu2n7205yr4z6mq7e7vfntr2yy8sdwd9kze9pxevnlj2y64ns2s6whk,bc1pe6zhu2n7205yr4z6mq7e7vfntr2yy8sdwd9kze9pxevnlj2y64ns2s6whk,600
bc1pe6zhu2n7205yr4z6mq7e7vfntr2yy8sdwd9kze9pxevnlj2y64ns2s6whk,bc1pe6zhu2n7205yr4z6mq7e7vfntr2yy8sdwd9kze9pxevnlj2y64ns2s6whk,600
bc1pe6zhu2n7205yr4z6mq7e7vfntr2yy8sdwd9kze9pxevnlj2y64ns2s6whk,bc1peec28a532mz7yj433wkj7aj4325nrav8zg30lx08vhs4dpphmvlsz8adj0,600
bc1pe6zhu2n7205yr4z6mq7e7vfntr2yy8sdwd9kze9pxevnlj2y64ns2s6whk,bc1pe6zhu2n7205yr4z6mq7e7vfntr2yy8sdwd9kze9pxevnlj2y64ns2s6whk,600
bc1pe6zhu2n7205yr4z6mq7e7vfntr2yy8sdwd9kze9pxevnlj2y64ns2s6whk,bc1pe6zhu2n7205yr4z6mq7e7vfntr2yy8sdwd9kze9pxevnlj2y64ns2s6whk,600
bc1pe6zhu2n7205yr4z6mq7e7vfntr2yy8sdwd9kze9pxevnlj2y64ns2s6whk,bc1pe6zhu2n7205yr4z6mq7e7vfntr2yy8sdwd9kze9pxevnlj2y64ns2s6whk,600
bc1peec28a532mz7yj433wkj7aj4325nrav8zg30lx08vhs4dpphmvlsz8adj0,bc1pe6zhu2n7205yr4z6mq7e7vfntr2yy8sdwd9kze9pxevnlj2y64ns2s6whk,546
bc1peec28a532mz7yj433wkj7aj4325nrav8zg30lx08vhs4dpphmvlsz8adj0,bc1pe6zhu2n7205yr4z6mq7e7vfntr2yy8sdwd9kze9pxevnlj2y64ns2s6whk,546
bc1peec28a532mz7yj433wkj7aj4325nrav8zg30lx08vhs4dpphmvlsz8adj0,bc1peec28a532mz7yj433wkj7aj4325nrav8zg30lx08vhs4dpphmvlsz8adj0,546
bc1peec28a532mz7yj433wkj7aj4325nrav8zg30lx08vhs4dpphmvlsz8adj0,bc1pe6zhu2n7205yr4z6mq7e7vfntr2yy8sdwd9kze9pxevnlj2y64ns2s6whk,546
bc1peec28a532mz7yj433wkj7aj4325nrav8zg30lx08vhs4dpphmvlsz8adj0,bc1pe6zhu2n7205yr4z6mq7e7vfntr2yy8sdwd9kze9pxevnlj2y64ns2s6whk,546
bc1peec28a532mz7yj433wkj7aj4325nrav8zg30lx08vhs4dpphmvlsz8adj0,bc1pe6zhu2n7205yr4z6mq7e7vfntr2yy8sdwd9kze9pxevnlj2y64ns2s6whk,546
bc1pe6zhu2n7205yr4z6mq7e7vfntr2yy8sdwd9kze9pxevnlj2y64ns2s6whk,bc1pe6zhu2n7205yr4z6mq7e7vfntr2yy8sdwd9kze9pxevnlj2y64ns2s6whk,1290492
bc1pe6zhu2n7205yr4z6mq7e7vfntr2yy8sdwd9kze9pxevnlj2y64ns2s6whk,bc1pe6zhu2n7205yr4z6mq7e7vfntr2yy8sdwd9kze9pxevnlj2y64ns2s6whk,1290492
bc1pe6zhu2n7205yr4z6mq7e7vfntr2yy8sdwd9kze9pxevnlj2y64ns2s6whk,bc1peec28a532mz7yj433wkj7aj4325nrav8zg30lx08vhs4dpphmvlsz8adj0,1290492
bc1pe6zhu2n7205yr4z6mq7e7vfntr2yy8sdwd9kze9pxevnlj2y64ns2s6whk,bc1pe6zhu2n7205yr4z6mq7e7vfntr2yy8sdwd9kze9pxevnlj2y64ns2s6whk,1290492
bc1pe6zhu2n7205yr4z6mq7e7vfntr2yy8sdwd9kze9pxevnlj2y64ns2s6whk,bc1pe6zhu2n7205yr4z6mq7e7vfntr2yy8sdwd9kze9pxevnlj2y64ns2s6whk,1290492
bc1pe6zhu2n7205yr4z6mq7e7vfntr2yy8sdwd9kze9pxevnlj2y64ns2s6whk,bc1pe6zhu2n7205yr4z6mq7e7vfntr2yy8sdwd9kze9pxevnlj2y64ns2s6whk,1290492
bc1q9c42u9qcaczwh7aflq4xdw9ecfyyses856kp6z,1CGS9qR3TN8456QfJP1UiD3aNxjAfJWvVK,242611
bc1q9c42u9qcaczwh7aflq4xdw9ecfyyses856kp6z,bc1q9c42u9qcaczwh7aflq4xdw9ecfyyses856kp6z,242611
bc1qj9qdqwfg2fdehews6tsw9xhr4qjtka5lrevq73,18eXtYc9WPf9evFNCpRCdsxBRwyP3HwCTs,159934
bc1qj9qdqwfg2fdehews6tsw9xhr4qjtka5lrevq73,18eXtYc9WPf9evFNCpRCdsxBRwyP3HwCTs,367424
bc1qj9qdqwfg2fdehews6tsw9xhr4qjtka5lrevq73,18eXtYc9WPf9evFNCpRCdsxBRwyP3HwCTs,22851
bc1qj9qdqwfg2fdehews6tsw9xhr4qjtka5lrevq73,18eXtYc9WPf9evFNCpRCdsxBRwyP3HwCTs,324250
bc1qj9qdqwfg2fdehews6tsw9xhr4qjtka5lrevq73,18eXtYc9WPf9evFNCpRCdsxBRwyP3HwCTs,211424
bc1qj9qdqwfg2fdehews6tsw9xhr4qjtka5lrevq73,18eXtYc9WPf9evFNCpRCdsxBRwyP3HwCTs,207746
bc1qj9qdqwfg2fdehews6tsw9xhr4qjtka5lrevq73,18eXtYc9WPf9evFNCpRCdsxBRwyP3HwCTs,292925
bc1pzjzpyf4tezdzwqwteet6atc598fkerz6lqrx0985hyjcw4ku32hqrt26vr,bc1pzjzpyf4tezdzwqwteet6atc598fkerz6lqrx0985hyjcw4ku32hqrt26vr,1588
bc1pzjzpyf4tezdzwqwteet6atc598fkerz6lqrx0985hyjcw4ku32hqrt26vr,,1588
bc1qyd3w52v5mt84478hz7fx6zlzealp5zrmrvg9c4,bc1qdkrmz50dz2z24h57zdjh2ex36qh3l3gchujwg6,39891822
bc1qyd3w52v5mt84478hz7fx6zlzealp5zrmrvg9c4,bc1qtmjayy4egtakm6j3d03lynk335ajej5z5tad4p,39891822
bc1pzjzpyf4tezdzwqwteet6atc598fkerz6lqrx0985hyjcw4ku32hqrt26vr,bc1pmc0e5uwms3wxygpm267kqeeqrgkdy2ap90chx73cpf6rlk632y6svsduxj,1067
bc1pzjzpyf4tezdzwqwteet6atc598fkerz6lqrx0985hyjcw4ku32hqrt26vr,,1067
bc1p76ahgy0vtthek0y3mky3yqmgjswsx39wfwdah0deu65uvxm6us0qn6mj0e,bc1q7fdh3x5hfyl6ld63wppcxyh695v4se850xxuc4,547
bc1p76ahgy0vtthek0y3mky3yqmgjswsx39wfwdah0deu65uvxm6us0qn6mj0e,bc1qqq7hxarpd4cr57ezwq3r5gnnwf3j6v3sygkzymmsygazyarjv9hqylmqeg,547
bc1p76ahgy0vtthek0y3mky3yqmgjswsx39wfwdah0deu65uvxm6us0qn6mj0e,bc1qwdnx2u3z9s38g6trdv3r5gjz2d9zytpzv9khgg36xscrqvps05qqxnvs6e,547
bc1p76ahgy0vtthek0y3mky3yqmgjswsx39wfwdah0deu65uvxm6us0qn6mj0e,bc1p76ahgy0vtthek0y3mky3yqmgjswsx39wfwdah0deu65uvxm6us0qn6mj0e,547
bc1quvdmmekaawalmrjmcq2serpt87cerpqaqesw2p,bc1q7fdh3x5hfyl6ld63wppcxyh695v4se850xxuc4,182759
bc1quvdmmekaawalmrjmcq2serpt87cerpqaqesw2p,bc1qqq7hxarpd4cr57ezwq3r5gnnwf3j6v3sygkzymmsygazyarjv9hqylmqeg,182759
bc1quvdmmekaawalmrjmcq2serpt87cerpqaqesw2p,bc1qwdnx2u3z9s38g6trdv3r5gjz2d9zytpzv9khgg36xscrqvps05qqxnvs6e,182759
bc1quvdmmekaawalmrjmcq2serpt87cerpqaqesw2p,bc1p76ahgy0vtthek0y3mky3yqmgjswsx39wfwdah0deu65uvxm6us0qn6mj0e,182759
bc1qlzhvagrvnl0euyjlnmfkstdq2g8lu76ydtallh,1CSimkhzRWZG26C31cYhuhWpj36Sp73Ex6,1133856
bc1qlzhvagrvnl0euyjlnmfkstdq2g8lu76ydtallh,bc1qtxhu7cr62qz3lhfjzf6kfgmf8jj9wl0883w3jv,1133856
bc1ptgxvr0gqzcx0e7dwqe3jm5ck5wsd0y2ssf95mlg6475hnfacxs7q5kdg2e,372MRFHg5HyYhNHZ7stEfwR6bsTrbWkZk8,1657312
bc1ptgxvr0gqzcx0e7dwqe3jm5ck5wsd0y2ssf95mlg6475hnfacxs7q5kdg2e,bc1ptgxvr0gqzcx0e7dwqe3jm5ck5wsd0y2ssf95mlg6475hnfacxs7q5kdg2e,1657312
bc1ptgxvr0gqzcx0e7dwqe3jm5ck5wsd0y2ssf95mlg6475hnfacxs7q5kdg2e,372MRFHg5HyYhNHZ7stEfwR6bsTrbWkZk8,896088
bc1ptgxvr0gqzcx0e7dwqe3jm5ck5wsd0y2ssf95mlg6475hnfacxs7q5kdg2e,bc1ptgxvr0gqzcx0e7dwqe3jm5ck5wsd0y2ssf95mlg6475hnfacxs7q5kdg2e,896088
bc1qvc5akj7xzgumkm0zhmscuwer47pwxy78ftfuc5,31jXf5EUn31Tqd2rdbpFDkSxxyhaE92hvs,465603
bc1qrpjt3vytpec6ut95c0my4fc98hfczz22sfmz67,bc1q9m70nv0swgk2q24ter2f5ey6sych4lzlvyvgkj,7804564
bc1qrpjt3vytpec6ut95c0my4fc98hfczz22sfmz67,bc1qsy4x3hpu2452mvy20fad8q2qnq8mgpwqma2q66,7804564
bc1q7m0ja6yh9jzxx6ak6eucxs4fs5tzm6z9egpcvh,bc1qfyk3pq95l4egm5x7zjkzjtujhf836fllmlhcla,17991
bc1q4zwn4qyj3wl6f77s65k20054p2ngyshq80fxdr,bc1qdkxtdzrgs6nn82klwvnms8pzgfs8hfespksm77,34911585
bc1q05al7ha52u59cfl7pqg88ezacvvenm92ea6dg3,bc1qmy9x3er9j3gp2vx2gc2f5a4ae93j50m02hv22v,41603009
bc1quxer2gtzawls00c7pyt8stqmsrejnaxhc282rp,bc1qkg3gy7hqpflezn6cx6k84h0xt3zwuv065cecct,44000
bc1qyvh4jnf2ktdal4e8qpcl4949nmy9jy0jq2l9xk,bc1q5v8gmrrqjyr8ksrhr2dx0hsq56c0553vfw9fs0,61587
bc1q07f8w09zxcarlufdse7zrutg7kksxl7k0mx55t,bc1q32humtje6t9kzk7lx6375q7e2vx0n4zzacqne6,431427
bc1quyap9nw84xt3n8ysr8v6jajzaz0l7fn2ghpwvc,bc1q7e9tjtxrk83m8cja8j4e9r8yqzfga3ctznr8k7,48532
bc1qw3309yu0wp45q2r5utk7uk7q0cfclvxdu7r8ex,bc1q7e9tjtxrk83m8cja8j4e9r8yqzfga3ctznr8k7,48433
bc1qadmv0plxp2e0y86ug0szzel88wt7z50gm5aenl,bc1q7e9tjtxrk83m8cja8j4e9r8yqzfga3ctznr8k7,48424
bc1qta4fscvp0chs3t2cs8lmv8kzy3uhcg2552zwss,bc1q7e9tjtxrk83m8cja8j4e9r8yqzfga3ctznr8k7,48389
bc1ql70xhp4kjnrva4598d2qztcu89lqvqg3lkm34h,bc1q7e9tjtxrk83m8cja8j4e9r8yqzfga3ctznr8k7,48329
bc1q0xq3r7j65teadk00y0wja888mku5tmas39sl92,1FLTsozVYvTbNyHBviyuoNViTt6EH23BDP,1773955
bc1qcrmxvflznkl2qnmmyeatfh43yrzx4vralxkt8h,bc1q9sj2ngmyuel9t7uzlfegpsdafemrclgds3yhjw,97993
bc1qcrmxvflznkl2qnmmyeatfh43yrzx4vralxkt8h,bc1qmj28djtr2dhgsazf7j6vnxtqwxfu8v6sltnmds,97993
bc1q0l54mtr83smtkxymrlua06q5shvq8403p6hdrd,bc1q9sj2ngmyuel9t7uzlfegpsdafemrclgds3yhjw,97992
bc1q0l54mtr83smtkxymrlua06q5shvq8403p6hdrd,bc1qmj28djtr2dhgsazf7j6vnxtqwxfu8v6sltnmds,97992
bc1qnnxc3fsg7yqu7d2j9d8en6xrsppszhfguy0d4x,bc1q9sj2ngmyuel9t7uzlfegpsdafemrclgds3yhjw,97991
bc1qnnxc3fsg7yqu7d2j9d8en6xrsppszhfguy0d4x,bc1qmj28djtr2dhgsazf7j6vnxtqwxfu8v6sltnmds,97991
bc1q2way57f3pe7h553wsrxa07uhz20jn9vzj4rmrs,bc1q9sj2ngmyuel9t7uzlfegpsdafemrclgds3yhjw,97988
bc1q2way57f3pe7h553wsrxa07uhz20jn9vzj4rmrs,bc1qmj28djtr2dhgsazf7j6vnxtqwxfu8v6sltnmds,97988
bc1q39fhxhc59zp5l9rntwm6633ndgrs604s4lngpz,bc1q9sj2ngmyuel9t7uzlfegpsdafemrclgds3yhjw,97988
bc1q39fhxhc59zp5l9rntwm6633ndgrs604s4lngpz,bc1qmj28djtr2dhgsazf7j6vnxtqwxfu8v6sltnmds,97988
bc1qpkzdgeg66vn4enqlt5zve02raaxpqz837p5cvw,bc1q9sj2ngmyuel9t7uzlfegpsdafemrclgds3yhjw,97988
bc1qpkzdgeg66vn4enqlt5zve02raaxpqz837p5cvw,bc1qmj28djtr2dhgsazf7j6vnxtqwxfu8v6sltnmds,97988
bc1qmqj2adwlw3z29h075h0pku6cx6tqmxj0803u74,bc1q9sj2ngmyuel9t7uzlfegpsdafemrclgds3yhjw,97985
bc1qmqj2adwlw3z29h075h0pku6cx6tqmxj0803u74,bc1qmj28djtr2dhgsazf7j6vnxtqwxfu8v6sltnmds,97985
bc1qvt3d2fxpajv6c5n0g0ffntytx8u86wr0s2vae2,bc1q9sj2ngmyuel9t7uzlfegpsdafemrclgds3yhjw,97985
bc1qvt3d2fxpajv6c5n0g0ffntytx8u86wr0s2vae2,bc1qmj28djtr2dhgsazf7j6vnxtqwxfu8v6sltnmds,97985
bc1qw6xd70m5f2ld4yfzeglhr9ufnmjjt4uw05qgc2,bc1q9sj2ngmyuel9t7uzlfegpsdafemrclgds3yhjw,87710
bc1qw6xd70m5f2ld4yfzeglhr9ufnmjjt4uw05qgc2,bc1qmj28djtr2dhgsazf7j6vnxtqwxfu8v6sltnmds,87710
bc1qqcmm5rx7ylygtfw7dktg4axt0mju7l9a5w7z4s,1JGCbUv3eDnuJ3CxqrRn2jmwYzgDj95VzA,506845
bc1qqcmm5rx7ylygtfw7dktg4axt0mju7l9a5w7z4s,bc1qqcmm5rx7ylygtfw7dktg4axt0mju7l9a5w7z4s,506845
bc1qss0as5k6hffl0dnp2ftpdmhcrevzux25c205vw,bc1q866nekqz6fp47lmq6yjnjvfzzhvmjapzfvcdfu,35842
bc1q2aappfxeg6xxwzuttsvhsrn337s865vzwuzusf,bc1q866nekqz6fp47lmq6yjnjvfzzhvmjapzfvcdfu,35752
bc1q75384rh8y6mwkaa0575dft3r85sv5u328ny6za,bc1q866nekqz6fp47lmq6yjnjvfzzhvmjapzfvcdfu,35672
bc1qxservrpsxed4aw4zz6qrv7mpyhv76xcjr9wpy2,bc1q866nekqz6fp47lmq6yjnjvfzzhvmjapzfvcdfu,35636
bc1q83efqfgqk2wccca4trwuc83cd73sjw6xys6a7v,bc1q6uwssrdscwjpwhzsp5mhgc6qnewl7w0us3dh3t,5395
bc1q83efqfgqk2wccca4trwuc83cd73sjw6xys6a7v,bc1qjkntzm2pngutdsp9xnlj7jwd6yv6ajwdummtak,5395
bc1q3quepn4jsd620g7ldv8qjd42z9exkt38hknd8m,bc1q6uwssrdscwjpwhzsp5mhgc6qnewl7w0us3dh3t,14020
bc1q3quepn4jsd620g7ldv8qjd42z9exkt38hknd8m,bc1qjkntzm2pngutdsp9xnlj7jwd6yv6ajwdummtak,14020
36SGgCF5Bowq1LPyZnoopjSGSA1Mbj9rq1,3NBZDCpmPzye14ZRfFeCPbk37dt9ZLQHYk,10442
36SGgCF5Bowq1LPyZnoopjSGSA1Mbj9rq1,36SGgCF5Bowq1LPyZnoopjSGSA1Mbj9rq1,10442
3NoeSreKxSaVmpc2uVh1A7Pgw9KH1JkmDZ,3NBZDCpmPzye14ZRfFeCPbk37dt9ZLQHYk,450000
3NoeSreKxSaVmpc2uVh1A7Pgw9KH1JkmDZ,36SGgCF5Bowq1LPyZnoopjSGSA1Mbj9rq1,450000
bc1pcw3hpg95v3gxuggcq6savuuq720ekgh9rhy7967hsfctt7uqua3q39s2z2,bc1q3886h9p6sxg6u5qfecyhjske4pjlxk4wjmelq4,7388946
bc1pcw3hpg95v3gxuggcq6savuuq720ekgh9rhy7967hsfctt7uqua3q39s2z2,bc1q2z5a7pt06knwsrdzfhawr0rw8pgk4gwrzwlnyr,7388946
bc1pcw3hpg95v3gxuggcq6savuuq720ekgh9rhy7967hsfctt7uqua3q39s2z2,bc1pcw3hpg95v3gxuggcq6savuuq720ekgh9rhy7967hsfctt7uqua3q39s2z2,7388946
bc1pw79f37tl2skhk5tl696hq3cvj0n45e3glp6ddqnpkce0d5356tes9qn325,bc1qjcza3hmgg805yr009pjumz7zenl6zrrsfdxyhx,412612
bc1pw79f37tl2skhk5tl696hq3cvj0n45e3glp6ddqnpkce0d5356tes9qn325,bc1pw79f37tl2skhk5tl696hq3cvj0n45e3glp6ddqnpkce0d5356tes9qn325,412612
bc1pw79f37tl2skhk5tl696hq3cvj0n45e3glp6ddqnpkce0d5356tes9qn325,,412612
bc1qwvmthzlj5a5hhvuzj3kcdqr33rz8xx78hqvp67,bc1q8jlcuv987ac9nuvq7m6xe8nsqx8d696wxa3v42,731758
bc1qwvmthzlj5a5hhvuzj3kcdqr33rz8xx78hqvp67,bc1qhra3dlyjjzp6pf0y3ehzdp9e35j4e7exshpt0c,731758
